Workbook

Sheet Read me
A1: Baimskaya — lubrication reference collection
A2: Карта сбора данных по смазочным материалам
A4: Fill in the YELLOW cells only
A5: Grey columns come from the app's own asset register. GREEN rows are already sourced —
A6: leave them alone unless you think they are wrong.
A8: Four rules that decide whether the data is usable
A9: 1. Capacity is the REFILL quantity — what goes in at a service, with the filter changed.
A10: Not the dry fill, not the sump volume. They differ by up to 20%, and the wrong one
A11: over-fills a final drive and blows the seal.
A12: 2. Copy the specification VERBATIM: "API CK-4 / Komatsu EO-DH", not "engine oil".
A13: The exact string is what gets matched against what a product claims.
A14: 3. A figure with no document and page shows as unsourced on the dashboard. That is
... A27: Progress — live, from the Compartments sheet
A28: Rows in the workbook | C28: =COUNTA(Compartments!D2:D400)
A29: Complete (four facts + a source) | C29: =COUNTIF(Compartments!R2:R400,"complete")
A30: Incomplete | C30: =COUNTIF(Compartments!R2:R400,"incomplete")
A31: Filled in but unsourced | C31: =COUNTIF(Compartments!R2:R400,"no source")
A32: Marked not fitted | C32: =COUNTIF(Compartments!R2:R400,"not fitted")
A33: Not started | C33: =COUNTIF(Compartments!R2:R400,"not started")
A34: Units covered by complete rows | C34: =SUMPRODUCT((Compartments!R2:R400="complete")*Compartments!C2:C400)
A36: These are live formulas. They fill in when you open this in Excel or Google Sheets — a blank there is not a fault.

Sheet Compartments
A1: Class | B1: Model | C1: Units | D1: Code | E1: Compartment (EN) | F1: Compartment (RU) | G1: Fitted? | H1: Refill L | I1: OEM specification (verbatim) | J1: Interval h | K1: Grade — winter (≤ −20 °C) | L1: Grade — summer (> −20 °C) | M1: Manual document | N1: Page | O1: Checked by | P1: Date | Q1: Notes | R1: Status
A2: AT | B2: KOMATSU | C2: 27 | D2: ENG | E2: Engine | F2: Двигатель | G2: Y | H2: 38 | I2: API CK-4 / Komatsu EO-DH | J2: 500 | K2: 5W-40 synth | L2: 15W-40 | Q2: Register says KOMATSU; identified as KOMATSU HM400 by R. Marrero | R2: =IF(UPPER(G2)="N","not fitted",IF(AND(H2="",I2="",J2=""),"not started",IF(OR(H2="",I2="",J2=""),"incomplete",IF(OR(M2="",N2=""),"no source","complete"))))
A3: AT | B3: KOMATSU | C3: 27 | D3: TRN | E3: Transmission | F3: Трансмиссия | G3: Y | H3: 60 | I3: KES 07.868.1 (TO-4 class) | J3: 2000 | K3: SAE 10W | L3: SAE 30 | M3: Komatsu SEN06084-01 p.4-12 | N3: see doc | O3: R. Marrero | P3: 2026-08-14 | Q3: Register says KOMATSU; identified as KOMATSU HM400 by R. Marrero | R3: =IF(UPPER(G3)="N","not fitted",IF(AND(H3="",I3="",J3=""),"not started",IF(OR(H3="",I3="",J3=""),"incomplete",IF(OR(M3="",N3=""),"no source","complete"))))
A4: AT | B4: KOMATSU | C4: 27 | D4: HYD | E4: Hydraulic | F4: Гидравлика | G4: Y | H4: 150 | I4: KES 07.859 / ISO VG | J4: 4000 | L4: ISO VG 32 | Q4: Register says KOMATSU; identified as KOMATSU HM400 by R. Marrero | R4: =IF(UPPER(G4)="N","not fitted",IF(AND(H4="",I4="",J4=""),"not started",IF(OR(H4="",I4="",J4=""),"incomplete",IF(OR(M4="",N4=""),"no source","complete"))))
A5: AT | B5: KOMATSU | C5: 27 | D5: FDL | E5: Final drive | F5: Бортовой редуктор | G5: Y | H5: 22 | I5: API GL-5 / KES 07.869 | J5: 2000 | K5: 75W-90 synth | L5: 80W-90 | Q5: Register says KOMATSU; identified as KOMATSU HM400 by R. Marrero | R5: =IF(UPPER(G5)="N","not fitted",IF(AND(H5="",I5="",J5=""),"not started",IF(OR(H5="",I5="",J5=""),"incomplete",IF(OR(M5="",N5=""),"no source","complete"))))
A6: AT | B6: KOMATSU | C6: 27 | D6: DIFF | E6: Differential | F6: Дифференциал | Q6: Register says KOMATSU; identified as KOMATSU HM400 by R. Marrero | R6: =IF(UPPER(G6)="N","not fitted",IF(AND(H6="",I6="",J6=""),"not started",IF(OR(H6="",I6="",J6=""),"incomplete",IF(OR(M6="",N6=""),"no source","complete"))))
A7: AT | B7: KOMATSU | C7: 27 | D7: TCASE | E7: Transfer case | F7: Раздаточная коробка | Q7: Register says KOMATSU; identified as KOMATSU HM400 by R. Marrero | R7: =IF(UPPER(G7)="N","not fitted",IF(AND(H7="",I7="",J7=""),"not started",IF(OR(H7="",I7="",J7=""),"incomplete",IF(OR(M7="",N7=""),"no source","complete"))))
A8: AT | B8: KOMATSU HM400 | C8: 1 | D8: ENG | E8: Engine | F8: Двигатель | G8: Y | H8: 38 | I8: API CK-4 / Komatsu EO-DH | J8: 500 | K8: 5W-40 synth | L8: 15W-40 | R8: =IF(UPPER(G8)="N","not fitted",IF(AND(H8="",I8="",J8=""),"not started",IF(OR(H8="",I8="",J8=""),"incomplete",IF(OR(M8="",N8=""),"no source","complete"))))
A9: AT | B9: KOMATSU HM400 | C9: 1 | D9: TRN | E9: Transmission | F9: Трансмиссия | G9: Y | H9: 60 | I9: KES 07.868.1 (TO-4 class) | J9: 2000 | K9: SAE 10W | L9: SAE 30 | M9: Komatsu SEN06084-01 p.4-12 | N9: see doc | O9: R. Marrero | P9: 2026-08-14 | R9: =IF(UPPER(G9)="N","not fitted",IF(AND(H9="",I9="",J9=""),"not started",IF(OR(H9="",I9="",J9=""),"incomplete",IF(OR(M9="",N9=""),"no source","complete"))))
A10: AT | B10: KOMATSU HM400 | C10: 1 | D10: HYD | E10: Hydraulic | F10: Гидравлика | G10: Y | H10: 150 | I10: KES 07.859 / ISO VG | J10: 4000 | L10: ISO VG 32 | R10: =IF(UPPER(G10)="N","not fitted",IF(AND(H10="",I10="",J10=""),"not started",IF(OR(H10="",I10="",J10=""),"incomplete",IF(OR(M10="",N10=""),"no source","complete"))))
A11: AT | B11: KOMATSU HM400 | C11: 1 | D11: FDL | E11: Final drive | F11: Бортовой редуктор | G11: Y | H11: 22 | I11: API GL-5 / KES 07.869 | J11: 2000 | K11: 75W-90 synth | L11: 80W-90 | R11: =IF(UPPER(G11)="N","not fitted",IF(AND(H11="",I11="",J11=""),"not started",IF(OR(H11="",I11="",J11=""),"incomplete",IF(OR(M11="",N11=""),"no source","complete"))))
A12: AT | B12: KOMATSU HM400 | C12: 1 | D12: DIFF | E12: Differential | F12: Дифференциал | R12: =IF(UPPER(G12)="N","not fitted",IF(AND(H12="",I12="",J12=""),"not started",IF(OR(H12="",I12="",J12=""),"incomplete",IF(OR(M12="",N12=""),"no source","complete"))))
A13: AT | B13: KOMATSU HM400 | C13: 1 | D13: TCASE | E13: Transfer case | F13: Раздаточная коробка | R13: =IF(UPPER(G13)="N","not fitted",IF(AND(H13="",I13="",J13=""),"not started",IF(OR(H13="",I13="",J13=""),"incomplete",IF(OR(M13="",N13=""),"no source","complete"))))
A14: CRC | B14: NMS MT300MC | C14: 2 | D14: ENG | E14: Engine | F14: Двигатель | R14: =IF(UPPER(G14)="N","not fitted",IF(AND(H14="",I14="",J14=""),"not started",IF(OR(H14="",I14="",J14=""),"incomplete",IF(OR(M14="",N14=""),"no source","complete"))))
A15: CRC | B15: NMS MT300MC | C15: 2 | D15: HYD | E15: Hydraulic | F15: Гидравлика | R15: =IF(UPPER(G15)="N","not fitted",IF(AND(H15="",I15="",J15=""),"not started",IF(OR(H15="",I15="",J15=""),"incomplete",IF(OR(M15="",N15=""),"no source","complete"))))
A16: CRC | B16: NMS MT300MC | C16: 2 | D16: MSH | E16: Main shaft / cone oil | F16: Главный вал / масло конуса | R16: =IF(UPPER(G16)="N","not fitted",IF(AND(H16="",I16="",J16=""),"not started",IF(OR(H16="",I16="",J16=""),"incomplete",IF(OR(M16="",N16=""),"no source","complete"))))
A17: CRC | B17: NMS MT300MC | C17: 2 | D17: DRV | E17: Drive gearbox | F17: Редуктор привода | R17: =IF(UPPER(G17)="N","not fitted",IF(AND(H17="",I17="",J17=""),"not started",IF(OR(H17="",I17="",J17=""),"incomplete",IF(OR(M17="",N17=""),"no source","complete"))))
A18: CRC | B18: NMS MT300MC | C18: 2 | D18: LUB | E18: Lube tank | F18: Бак смазки | R18: =IF(UPPER(G18)="N","not fitted",IF(AND(H18="",I18="",J18=""),"not started",IF(OR(H18="",I18="",J18=""),"incomplete",IF(OR(M18="",N18=""),"no source","complete"))))
A19: CRC | B19: MCCLOSKEY C38 | C19: 1 | D19: ENG | E19: Engine | F19: Двигатель | R19: =IF(UPPER(G19)="N","not fitted",IF(AND(H19="",I19="",J19=""),"not started",IF(OR(H19="",I19="",J19=""),"incomplete",IF(OR(M19="",N19=""),"no source","complete"))))
A20: CRC | B20: MCCLOSKEY C38 | C20: 1 | D20: HYD | E20: Hydraulic | F20: Гидравлика | R20: =IF(UPPER(G20)="N","not fitted",IF(AND(H20="",I20="",J20=""),"not started",IF(OR(H20="",I20="",J20=""),"incomplete",IF(OR(M20="",N20=""),"no source","complete"))))
A21: CRC | B21: MCCLOSKEY C38 | C21: 1 | D21: MSH | E21: Main shaft / cone oil | F21: Главный вал / масло конуса | R21: =IF(UPPER(G21)="N","not fitted",IF(AND(H21="",I21="",J21=""),"not started",IF(OR(H21="",I21="",J21=""),"incomplete",IF(OR(M21="",N21=""),"no source","complete"))))
A22: CRC | B22: MCCLOSKEY C38 | C22: 1 | D22: DRV | E22: Drive gearbox | F22: Редуктор привода | R22: =IF(UPPER(G22)="N","not fitted",IF(AND(H22="",I22="",J22=""),"not started",IF(OR(H22="",I22="",J22=""),"incomplete",IF(OR(M22="",N22=""),"no source","complete"))))
A23: CRC | B23: MCCLOSKEY C38 | C23: 1 | D23: LUB | E23: Lube tank | F23: Бак смазки | R23: =IF(UPPER(G23)="N","not fitted",IF(AND(H23="",I23="",J23=""),"not started",IF(OR(H23="",I23="",J23=""),"incomplete",IF(OR(M23="",N23=""),"no source","complete"))))
... A43: CRJ | B43: MCCLOSKEY J50V2 | C43: 1 | D43: LUB | E43: Lube tank | F43: Бак смазки | R43: =IF(UPPER(G43)="N","not fitted",IF(AND(H43="",I43="",J43=""),"not started",IF(OR(H43="",I43="",J43=""),"incomplete",IF(OR(M43="",N43=""),"no source","complete"))))
A44: DOZ | B44: KOMATSU D375A.6 | C44: 5 | D44: ENG | E44: Engine | F44: Двигатель | G44: Y | H44: 60 | I44: API CK-4 / Komatsu EO-DH | J44: 500 | K44: 5W-40 synth | L44: 15W-40 | R44: =IF(UPPER(G44)="N","not fitted",IF(AND(H44="",I44="",J44=""),"not started",IF(OR(H44="",I44="",J44=""),"incomplete",IF(OR(M44="",N44=""),"no source","complete"))))
A45: DOZ | B45: KOMATSU D375A.6 | C45: 5 | D45: TRN | E45: Powertrain / torque converter | F45: Трансмиссия / гидротрансформатор | G45: Y | H45: 110 | I45: KES 07.868.1 (TO-4 class) | J45: 2000 | K45: SAE 10W | L45: SAE 30 | R45: =IF(UPPER(G45)="N","not fitted",IF(AND(H45="",I45="",J45=""),"not started",IF(OR(H45="",I45="",J45=""),"incomplete",IF(OR(M45="",N45=""),"no source","complete"))))
A46: DOZ | B46: KOMATSU D375A.6 | C46: 5 | D46: HYD | E46: Hydraulic | F46: Гидравлика | R46: =IF(UPPER(G46)="N","not fitted",IF(AND(H46="",I46="",J46=""),"not started",IF(OR(H46="",I46="",J46=""),"incomplete",IF(OR(M46="",N46=""),"no source","complete"))))
A47: DOZ | B47: KOMATSU D375A.6 | C47: 5 | D47: FDL | E47: Final drive | F47: Бортовой редуктор | G47: Y | H47: 38 | I47: KES 07.868.1 | J47: 2000 | K47: SAE 10W | L47: SAE 30 | R47: =IF(UPPER(G47)="N","not fitted",IF(AND(H47="",I47="",J47=""),"not started",IF(OR(H47="",I47="",J47=""),"incomplete",IF(OR(M47="",N47=""),"no source","complete"))))
A48: DOZ | B48: KOMATSU D375A.6 | C48: 5 | D48: PIV | E48: Pivot shaft | F48: Ось качания | R48: =IF(UPPER(G48)="N","not fitted",IF(AND(H48="",I48="",J48=""),"not started",IF(OR(H48="",I48="",J48=""),"incomplete",IF(OR(M48="",N48=""),"no source","complete"))))
A49: DOZ | B49: SHANTUI SD32 | C49: 5 | D49: ENG | E49: Engine | F49: Двигатель | G49: Y | H49: 32 | I49: API CI-4 | J49: 500 | K49: 5W-40 synth | L49: 15W-40 | R49: =IF(UPPER(G49)="N","not fitted",IF(AND(H49="",I49="",J49=""),"not started",IF(OR(H49="",I49="",J49=""),"incomplete",IF(OR(M49="",N49=""),"no source","complete"))))
A50: DOZ | B50: SHANTUI SD32 | C50: 5 | D50: TRN | E50: Powertrain / torque converter | F50: Трансмиссия / гидротрансформатор | G50: Y | H50: 85 | I50: SAE 30 powertrain (TO-4 class) | J50: 2000 | K50: SAE 10W | L50: SAE 30 | R50: =IF(UPPER(G50)="N","not fitted",IF(AND(H50="",I50="",J50=""),"not started",IF(OR(H50="",I50="",J50=""),"incomplete",IF(OR(M50="",N50=""),"no source","complete"))))
A51: DOZ | B51: SHANTUI SD32 | C51: 5 | D51: HYD | E51: Hydraulic | F51: Гидравлика | R51: =IF(UPPER(G51)="N","not fitted",IF(AND(H51="",I51="",J51=""),"not started",IF(OR(H51="",I51="",J51=""),"incomplete",IF(OR(M51="",N51=""),"no source","complete"))))
A52: DOZ | B52: SHANTUI SD32 | C52: 5 | D52: FDL | E52: Final drive | F52: Бортовой редуктор | R52: =IF(UPPER(G52)="N","not fitted",IF(AND(H52="",I52="",J52=""),"not started",IF(OR(H52="",I52="",J52=""),"incomplete",IF(OR(M52="",N52=""),"no source","complete"))))
A53: DOZ | B53: SHANTUI SD32 | C53: 5 | D53: PIV | E53: Pivot shaft | F53: Ось качания | R53: =IF(UPPER(G53)="N","not fitted",IF(AND(H53="",I53="",J53=""),"not started",IF(OR(H53="",I53="",J53=""),"incomplete",IF(OR(M53="",N53=""),"no source","complete"))))
A54: DOZ | B54: SHANTUI SD60-C5 | C54: 3 | D54: ENG | E54: Engine | F54: Двигатель | R54: =IF(UPPER(G54)="N","not fitted",IF(AND(H54="",I54="",J54=""),"not started",IF(OR(H54="",I54="",J54=""),"incomplete",IF(OR(M54="",N54=""),"no source","complete"))))
A55: DOZ | B55: SHANTUI SD60-C5 | C55: 3 | D55: TRN | E55: Powertrain / torque converter | F55: Трансмиссия / гидротрансформатор | R55: =IF(UPPER(G55)="N","not fitted",IF(AND(H55="",I55="",J55=""),"not started",IF(OR(H55="",I55="",J55=""),"incomplete",IF(OR(M55="",N55=""),"no source","complete"))))
A56: DOZ | B56: SHANTUI SD60-C5 | C56: 3 | D56: HYD | E56: Hydraulic | F56: Гидравлика | R56: =IF(UPPER(G56)="N","not fitted",IF(AND(H56="",I56="",J56=""),"not started",IF(OR(H56="",I56="",J56=""),"incomplete",IF(OR(M56="",N56=""),"no source","complete"))))
A57: DOZ | B57: SHANTUI SD60-C5 | C57: 3 | D57: FDL | E57: Final drive | F57: Бортовой редуктор | R57: =IF(UPPER(G57)="N","not fitted",IF(AND(H57="",I57="",J57=""),"not started",IF(OR(H57="",I57="",J57=""),"incomplete",IF(OR(M57="",N57=""),"no source","complete"))))
A58: DOZ | B58: SHANTUI SD60-C5 | C58: 3 | D58: PIV | E58: Pivot shaft | F58: Ось качания | R58: =IF(UPPER(G58)="N","not fitted",IF(AND(H58="",I58="",J58=""),"not started",IF(OR(H58="",I58="",J58=""),"incomplete",IF(OR(M58="",N58=""),"no source","complete"))))
A59: DOZ | B59: CATERPILLAR D9R | C59: 2 | D59: ENG | E59: Engine | F59: Двигатель | G59: Y | H59: 38 | I59: Cat ECF-3 / API CK-4 | J59: 500 | K59: 0W-40 arctic synth | L59: 15W-40 | R59: =IF(UPPER(G59)="N","not fitted",IF(AND(H59="",I59="",J59=""),"not started",IF(OR(H59="",I59="",J59=""),"incomplete",IF(OR(M59="",N59=""),"no source","complete"))))
A60: DOZ | B60: CATERPILLAR D9R | C60: 2 | D60: TRN | E60: Powertrain / torque converter | F60: Трансмиссия / гидротрансформатор | G60: Y | H60: 95 | I60: Cat TO-4 / TO-4M | J60: 2000 | K60: TDTO-TMS (arctic) | L60: TDTO SAE 10W | M60: Cat SEBU7695 p.112 | N60: see doc | O60: R. Marrero | P60: 2026-08-15 | R60: =IF(UPPER(G60)="N","not fitted",IF(AND(H60="",I60="",J60=""),"not started",IF(OR(H60="",I60="",J60=""),"incomplete",IF(OR(M60="",N60=""),"no source","complete"))))
A61: DOZ | B61: CATERPILLAR D9R | C61: 2 | D61: HYD | E61: Hydraulic | F61: Гидравлика | G61: Y | H61: 170 | I61: Cat HYDO Advanced | J61: 4000 | L61: HYDO Adv 10 | R61: =IF(UPPER(G61)="N","not fitted",IF(AND(H61="",I61="",J61=""),"not started",IF(OR(H61="",I61="",J61=""),"incomplete",IF(OR(M61="",N61=""),"no source","complete"))))
A62: DOZ | B62: CATERPILLAR D9R | C62: 2 | D62: FDL | E62: Final drive | F62: Бортовой редуктор | R62: =IF(UPPER(G62)="N","not fitted",IF(AND(H62="",I62="",J62=""),"not started",IF(OR(H62="",I62="",J62=""),"incomplete",IF(OR(M62="",N62=""),"no source","complete"))))
A63: DOZ | B63: CATERPILLAR D9R | C63: 2 | D63: PIV | E63: Pivot shaft | F63: Ось качания | R63: =IF(UPPER(G63)="N","not fitted",IF(AND(H63="",I63="",J63=""),"not started",IF(OR(H63="",I63="",J63=""),"incomplete",IF(OR(M63="",N63=""),"no source","complete"))))
A64: DOZ | B64: KOMATSU D155A.5 | C64: 2 | D64: ENG | E64: Engine | F64: Двигатель | R64: =IF(UPPER(G64)="N","not fitted",IF(AND(H64="",I64="",J64=""),"not started",IF(OR(H64="",I64="",J64=""),"incomplete",IF(OR(M64="",N64=""),"no source","complete"))))
A65: DOZ | B65: KOMATSU D155A.5 | C65: 2 | D65: TRN | E65: Powertrain / torque converter | F65: Трансмиссия / гидротрансформатор | R65: =IF(UPPER(G65)="N","not fitted",IF(AND(H65="",I65="",J65=""),"not started",IF(OR(H65="",I65="",J65=""),"incomplete",IF(OR(M65="",N65=""),"no source","complete"))))
A66: DOZ | B66: KOMATSU D155A.5 | C66: 2 | D66: HYD | E66: Hydraulic | F66: Гидравлика | R66: =IF(UPPER(G66)="N","not fitted",IF(AND(H66="",I66="",J66=""),"not started",IF(OR(H66="",I66="",J66=""),"incomplete",IF(OR(M66="",N66=""),"no source","complete"))))
A67: DOZ | B67: KOMATSU D155A.5 | C67: 2 | D67: FDL | E67: Final drive | F67: Бортовой редуктор | R67: =IF(UPPER(G67)="N","not fitted",IF(AND(H67="",I67="",J67=""),"not started",IF(OR(H67="",I67="",J67=""),"incomplete",IF(OR(M67="",N67=""),"no source","complete"))))
A68: DOZ | B68: KOMATSU D155A.5 | C68: 2 | D68: PIV | E68: Pivot shaft | F68: Ось качания | R68: =IF(UPPER(G68)="N","not fitted",IF(AND(H68="",I68="",J68=""),"not started",IF(OR(H68="",I68="",J68=""),"incomplete",IF(OR(M68="",N68=""),"no source","complete"))))
A69: DOZ | B69: KOMATSU D275.5D | C69: 2 | D69: ENG | E69: Engine | F69: Двигатель | R69: =IF(UPPER(G69)="N","not fitted",IF(AND(H69="",I69="",J69=""),"not started",IF(OR(H69="",I69="",J69=""),"incomplete",IF(OR(M69="",N69=""),"no source","complete"))))
A70: DOZ | B70: KOMATSU D275.5D | C70: 2 | D70: TRN | E70: Powertrain / torque converter | F70: Трансмиссия / гидротрансформатор | R70: =IF(UPPER(G70)="N","not fitted",IF(AND(H70="",I70="",J70=""),"not started",IF(OR(H70="",I70="",J70=""),"incomplete",IF(OR(M70="",N70=""),"no source","complete"))))
A71: DOZ | B71: KOMATSU D275.5D | C71: 2 | D71: HYD | E71: Hydraulic | F71: Гидравлика | R71: =IF(UPPER(G71)="N","not fitted",IF(AND(H71="",I71="",J71=""),"not started",IF(OR(H71="",I71="",J71=""),"incomplete",IF(OR(M71="",N71=""),"no source","complete"))))
A72: DOZ | B72: KOMATSU D275.5D | C72: 2 | D72: FDL | E72: Final drive | F72: Бортовой редуктор | R72: =IF(UPPER(G72)="N","not fitted",IF(AND(H72="",I72="",J72=""),"not started",IF(OR(H72="",I72="",J72=""),"incomplete",IF(OR(M72="",N72=""),"no source","complete"))))
A73: DOZ | B73: KOMATSU D275.5D | C73: 2 | D73: PIV | E73: Pivot shaft | F73: Ось качания | R73: =IF(UPPER(G73)="N","not fitted",IF(AND(H73="",I73="",J73=""),"not started",IF(OR(H73="",I73="",J73=""),"incomplete",IF(OR(M73="",N73=""),"no source","complete"))))
... A116: EXC | B116: LiuGong CLG970E | C116: 3 | D116: PTO | E116: Pump drive gearbox | F116: Редуктор привода насосов | R116: =IF(UPPER(G116)="N","not fitted",IF(AND(H116="",I116="",J116=""),"not started",IF(OR(H116="",I116="",J116=""),"incomplete",IF(OR(M116="",N116=""),"no source","complete"))))
A117: EXC | B117: HITACHI EX1200-6BH | C117: 2 | D117: ENG | E117: Engine | F117: Двигатель | G117: Y | H117: 95 | I117: API CK-4 | J117: 500 | K117: 5W-40 synth | L117: 15W-40 | R117: =IF(UPPER(G117)="N","not fitted",IF(AND(H117="",I117="",J117=""),"not started",IF(OR(H117="",I117="",J117=""),"incomplete",IF(OR(M117="",N117=""),"no source","complete"))))
A118: EXC | B118: HITACHI EX1200-6BH | C118: 2 | D118: HYD | E118: Hydraulic tank | F118: Гидробак | G118: Y | H118: 660 | I118: Hitachi Super EX / ISO VG | J118: 4000 | L118: ISO VG 32 | R118: =IF(UPPER(G118)="N","not fitted",IF(AND(H118="",I118="",J118=""),"not started",IF(OR(H118="",I118="",J118=""),"incomplete",IF(OR(M118="",N118=""),"no source","complete"))))
A119: EXC | B119: HITACHI EX1200-6BH | C119: 2 | D119: SWG | E119: Swing drive | F119: Механизм поворота | G119: Y | H119: 36 | I119: API GL-5 | J119: 4000 | K119: 75W-90 synth | L119: 80W-90 | R119: =IF(UPPER(G119)="N","not fitted",IF(AND(H119="",I119="",J119=""),"not started",IF(OR(H119="",I119="",J119=""),"incomplete",IF(OR(M119="",N119=""),"no source","complete"))))
A120: EXC | B120: HITACHI EX1200-6BH | C120: 2 | D120: TRV | E120: Travel / final drive | F120: Ход / бортовой редуктор | R120: =IF(UPPER(G120)="N","not fitted",IF(AND(H120="",I120="",J120=""),"not started",IF(OR(H120="",I120="",J120=""),"incomplete",IF(OR(M120="",N120=""),"no source","complete"))))
A121: EXC | B121: HITACHI EX1200-6BH | C121: 2 | D121: PTO | E121: Pump drive gearbox | F121: Редуктор привода насосов | R121: =IF(UPPER(G121)="N","not fitted",IF(AND(H121="",I121="",J121=""),"not started",IF(OR(H121="",I121="",J121=""),"incomplete",IF(OR(M121="",N121=""),"no source","complete"))))
A122: EXC | B122: HITACHI ZX210W-5A | C122: 2 | D122: ENG | E122: Engine | F122: Двигатель | R122: =IF(UPPER(G122)="N","not fitted",IF(AND(H122="",I122="",J122=""),"not started",IF(OR(H122="",I122="",J122=""),"incomplete",IF(OR(M122="",N122=""),"no source","complete"))))
A123: EXC | B123: HITACHI ZX210W-5A | C123: 2 | D123: HYD | E123: Hydraulic tank | F123: Гидробак | R123: =IF(UPPER(G123)="N","not fitted",IF(AND(H123="",I123="",J123=""),"not started",IF(OR(H123="",I123="",J123=""),"incomplete",IF(OR(M123="",N123=""),"no source","complete"))))
A124: EXC | B124: HITACHI ZX210W-5A | C124: 2 | D124: SWG | E124: Swing drive | F124: Механизм поворота | R124: =IF(UPPER(G124)="N","not fitted",IF(AND(H124="",I124="",J124=""),"not started",IF(OR(H124="",I124="",J124=""),"incomplete",IF(OR(M124="",N124=""),"no source","complete"))))
A125: EXC | B125: HITACHI ZX210W-5A | C125: 2 | D125: TRV | E125: Travel / final drive | F125: Ход / бортовой редуктор | R125: =IF(UPPER(G125)="N","not fitted",IF(AND(H125="",I125="",J125=""),"not started",IF(OR(H125="",I125="",J125=""),"incomplete",IF(OR(M125="",N125=""),"no source","complete"))))
A126: EXC | B126: HITACHI ZX210W-5A | C126: 2 | D126: PTO | E126: Pump drive gearbox | F126: Редуктор привода насосов | R126: =IF(UPPER(G126)="N","not fitted",IF(AND(H126="",I126="",J126=""),"not started",IF(OR(H126="",I126="",J126=""),"incomplete",IF(OR(M126="",N126=""),"no source","complete"))))
A127: EXC | B127: HITACHI ZX470LC-5G | C127: 2 | D127: ENG | E127: Engine | F127: Двигатель | R127: =IF(UPPER(G127)="N","not fitted",IF(AND(H127="",I127="",J127=""),"not started",IF(OR(H127="",I127="",J127=""),"incomplete",IF(OR(M127="",N127=""),"no source","complete"))))
A128: EXC | B128: HITACHI ZX470LC-5G | C128: 2 | D128: HYD | E128: Hydraulic tank | F128: Гидробак | R128: =IF(UPPER(G128)="N","not fitted",IF(AND(H128="",I128="",J128=""),"not started",IF(OR(H128="",I128="",J128=""),"incomplete",IF(OR(M128="",N128=""),"no source","complete"))))
A129: EXC | B129: HITACHI ZX470LC-5G | C129: 2 | D129: SWG | E129: Swing drive | F129: Механизм поворота | R129: =IF(UPPER(G129)="N","not fitted",IF(AND(H129="",I129="",J129=""),"not started",IF(OR(H129="",I129="",J129=""),"incomplete",IF(OR(M129="",N129=""),"no source","complete"))))
A130: EXC | B130: HITACHI ZX470LC-5G | C130: 2 | D130: TRV | E130: Travel / final drive | F130: Ход / бортовой редуктор | R130: =IF(UPPER(G130)="N","not fitted",IF(AND(H130="",I130="",J130=""),"not started",IF(OR(H130="",I130="",J130=""),"incomplete",IF(OR(M130="",N130=""),"no source","complete"))))
A131: EXC | B131: HITACHI ZX470LC-5G | C131: 2 | D131: PTO | E131: Pump drive gearbox | F131: Редуктор привода насосов | R131: =IF(UPPER(G131)="N","not fitted",IF(AND(H131="",I131="",J131=""),"not started",IF(OR(H131="",I131="",J131=""),"incomplete",IF(OR(M131="",N131=""),"no source","complete"))))
... A208: HT | B208: KAMAZ 65201-6010-49(B5) | C208: 25 | D208: DIFF | E208: Differential | F208: Дифференциал | R208: =IF(UPPER(G208)="N","not fitted",IF(AND(H208="",I208="",J208=""),"not started",IF(OR(H208="",I208="",J208=""),"incomplete",IF(OR(M208="",N208=""),"no source","complete"))))
A209: HT | B209: NHL TR60 | C209: 16 | D209: ENG | E209: Engine | F209: Двигатель | G209: Y | H209: 45 | I209: API CI-4 or better | J209: 500 | K209: 5W-40 synth | L209: 15W-40 | R209: =IF(UPPER(G209)="N","not fitted",IF(AND(H209="",I209="",J209=""),"not started",IF(OR(H209="",I209="",J209=""),"incomplete",IF(OR(M209="",N209=""),"no source","complete"))))
A210: HT | B210: NHL TR60 | C210: 16 | D210: TRN | E210: Transmission | F210: Трансмиссия | G210: Y | H210: 75 | I210: CAT TO-4 / Allison C-4 | J210: 2000 | K210: SAE 10W | L210: SAE 30 | R210: =IF(UPPER(G210)="N","not fitted",IF(AND(H210="",I210="",J210=""),"not started",IF(OR(H210="",I210="",J210=""),"incomplete",IF(OR(M210="",N210=""),"no source","complete"))))
A211: HT | B211: NHL TR60 | C211: 16 | D211: HYD | E211: Hydraulic — hoist / steering | F211: Гидравлика — подъём / рулевое | G211: Y | H211: 230 | I211: ISO VG, anti-wear | J211: 4000 | L211: ISO VG 32 | R211: =IF(UPPER(G211)="N","not fitted",IF(AND(H211="",I211="",J211=""),"not started",IF(OR(H211="",I211="",J211=""),"incomplete",IF(OR(M211="",N211=""),"no source","complete"))))
A212: HT | B212: NHL TR60 | C212: 16 | D212: FDL | E212: Final drive / wheel motor | F212: Бортовой редуктор | R212: =IF(UPPER(G212)="N","not fitted",IF(AND(H212="",I212="",J212=""),"not started",IF(OR(H212="",I212="",J212=""),"incomplete",IF(OR(M212="",N212=""),"no source","complete"))))
A213: HT | B213: NHL TR60 | C213: 16 | D213: DIFF | E213: Differential | F213: Дифференциал | R213: =IF(UPPER(G213)="N","not fitted",IF(AND(H213="",I213="",J213=""),"not started",IF(OR(H213="",I213="",J213=""),"incomplete",IF(OR(M213="",N213=""),"no source","complete"))))
A214: HT | B214: IVECO AMT 653900 | C214: 5 | D214: ENG | E214: Engine | F214: Двигатель | R214: =IF(UPPER(G214)="N","not fitted",IF(AND(H214="",I214="",J214=""),"not started",IF(OR(H214="",I214="",J214=""),"incomplete",IF(OR(M214="",N214=""),"no source","complete"))))
A215: HT | B215: IVECO AMT 653900 | C215: 5 | D215: TRN | E215: Transmission | F215: Трансмиссия | R215: =IF(UPPER(G215)="N","not fitted",IF(AND(H215="",I215="",J215=""),"not started",IF(OR(H215="",I215="",J215=""),"incomplete",IF(OR(M215="",N215=""),"no source","complete"))))
A216: HT | B216: IVECO AMT 653900 | C216: 5 | D216: HYD | E216: Hydraulic — hoist / steering | F216: Гидравлика — подъём / рулевое | R216: =IF(UPPER(G216)="N","not fitted",IF(AND(H216="",I216="",J216=""),"not started",IF(OR(H216="",I216="",J216=""),"incomplete",IF(OR(M216="",N216=""),"no source","complete"))))
A217: HT | B217: IVECO AMT 653900 | C217: 5 | D217: FDL | E217: Final drive / wheel motor | F217: Бортовой редуктор | R217: =IF(UPPER(G217)="N","not fitted",IF(AND(H217="",I217="",J217=""),"not started",IF(OR(H217="",I217="",J217=""),"incomplete",IF(OR(M217="",N217=""),"no source","complete"))))
A218: HT | B218: IVECO AMT 653900 | C218: 5 | D218: DIFF | E218: Differential | F218: Дифференциал | R218: =IF(UPPER(G218)="N","not fitted",IF(AND(H218="",I218="",J218=""),"not started",IF(OR(H218="",I218="",J218=""),"incomplete",IF(OR(M218="",N218=""),"no source","complete"))))
A219: HT | B219: KAMAZ 6520-6041-43 | C219: 5 | D219: ENG | E219: Engine | F219: Двигатель | R219: =IF(UPPER(G219)="N","not fitted",IF(AND(H219="",I219="",J219=""),"not started",IF(OR(H219="",I219="",J219=""),"incomplete",IF(OR(M219="",N219=""),"no source","complete"))))
A220: HT | B220: KAMAZ 6520-6041-43 | C220: 5 | D220: TRN | E220: Transmission | F220: Трансмиссия | R220: =IF(UPPER(G220)="N","not fitted",IF(AND(H220="",I220="",J220=""),"not started",IF(OR(H220="",I220="",J220=""),"incomplete",IF(OR(M220="",N220=""),"no source","complete"))))
A221: HT | B221: KAMAZ 6520-6041-43 | C221: 5 | D221: HYD | E221: Hydraulic — hoist / steering | F221: Гидравлика — подъём / рулевое | R221: =IF(UPPER(G221)="N","not fitted",IF(AND(H221="",I221="",J221=""),"not started",IF(OR(H221="",I221="",J221=""),"incomplete",IF(OR(M221="",N221=""),"no source","complete"))))
A222: HT | B222: KAMAZ 6520-6041-43 | C222: 5 | D222: FDL | E222: Final drive / wheel motor | F222: Бортовой редуктор | R222: =IF(UPPER(G222)="N","not fitted",IF(AND(H222="",I222="",J222=""),"not started",IF(OR(H222="",I222="",J222=""),"incomplete",IF(OR(M222="",N222=""),"no source","complete"))))
A223: HT | B223: KAMAZ 6520-6041-43 | C223: 5 | D223: DIFF | E223: Differential | F223: Дифференциал | R223: =IF(UPPER(G223)="N","not fitted",IF(AND(H223="",I223="",J223=""),"not started",IF(OR(H223="",I223="",J223=""),"incomplete",IF(OR(M223="",N223=""),"no source","complete"))))
... A266: SCR | B266: NMS MT1860SR | C266: 2 | D266: VIB | E266: Vibrator / screen box | F266: Вибратор / короб грохота | R266: =IF(UPPER(G266)="N","not fitted",IF(AND(H266="",I266="",J266=""),"not started",IF(OR(H266="",I266="",J266=""),"incomplete",IF(OR(M266="",N266=""),"no source","complete"))))

Sheet Products in use
A1: Product name (as printed on the label) | B1: Grade | C1: Specifications it claims (verbatim from the PDS) | D1: Lowest ambient it is rated to (°C) | E1: Where it is held | F1: Tank / drum ID | G1: Approx. stock (L) | H1: Photo of label taken? | I1: Notes
A2: Mobil Delvac 1 5W-40 | B2: 5W-40 synth | C2: API CK-4, Cat ECF-3, Komatsu EO-DH | D2: -40
A3: Cat Arctic DEO SYN 0W-40 | B3: 0W-40 arctic synth | C3: Cat ECF-3, API CK-4 | D3: -45
A4: Lukoil Avangard Ultra 15W-40 | B4: 15W-40 | C4: API CI-4 | D4: -15
A5: Shell Spirax S4 TXM | B5: SAE 10W | C5: CAT TO-4, KES 07.868.1, Allison C-4 | D5: -40
A6: Komatsu Powertrain TO-10 | B6: SAE 10W | C6: KES 07.868.1, CAT TO-4 | D6: -40
A7: Cat TDTO-TMS (arctic) | B7: TDTO-TMS (arctic) | C7: CAT TO-4, TO-4M | D7: -45
A8: Generic TO-4 SAE 30 | B8: SAE 30 | C8: CAT TO-4 | D8: -10
A9: Cat HYDO Advanced 10 | B9: HYDO Adv 10 | C9: Cat HYDO Advanced, ISO VG 32 | D9: -30
A10: HVLP 32 arctic | B10: ISO VG 32 | C10: DIN 51524-3, ISO VG 32 | D10: -35
A11: HVLP 22 arctic synth | B11: ISO VG 22 | C11: DIN 51524-3, ISO VG 22, ISO VG 32, Hitachi Super EX | D11: -45
A12: HLP 46 | B12: ISO VG 46 | C12: DIN 51524-2, ISO VG 46 | D12: -10
A13: Mobilube SHC 75W-90 | B13: 75W-90 synth | C13: API GL-5 | D13: -45
... A15: UTTO universal tractor fluid | B15: SAE 10W | C15: Wet brake WB-101 | D15: -25
A48: Blue rows are what the app currently believes is available. Correct them, and add anything on site that is missing — including drums you suspect are wrong.

Sheet Register gaps
A1: Units the register records by make only
A2: A capacity cannot be attached to "KOMATSU". Where somebody has identified the machine, the app uses those figures today — but the register is still wrong and these stay listed until the model is recorded in 1C.
A4: Class | B4: Recorded as | C4: Units | D4: Identified as | E4: By | F4: Actual model (confirm / fill in) | G4: Fixed in 1C?
A5: AT | B5: KOMATSU | C5: 27 | D5: KOMATSU HM400 | E5: R. Marrero
A6: LDR | B6: ELAZ | C6: 2
A7: LDR | B7: HYUNDAI | C7: 3
A8: LDR | B8: KOMATSU | C8: 5
B9: Total | C9: =SUM(C5:C8)

Sheet Site
A1: Site constants
A2: Every cold-weather verdict is computed against these. Getting the design minimum wrong changes which products qualify.
A4: Item | B4: Value | C4: Note
A5: Design minimum ambient (°C) | B5: -40 | C5: The temperature the oil must still work at — usually not the record low.
A6: Record winter low (°C) | B6: -45 | C6: Reference only.
A7: Summer high (°C) | B7: 28
A8: Operating hours per machine per year | B8: 5000 | C8: Drives how fast an audit goes stale.
A9: Lube audit crews available | B9: 2
A10: Compartments one crew can audit per day | B10: 6
A11: Oil analysis laboratory | C11: Name, and whether they can export results as CSV.
A12: Who signs off the site standard | C12: One name. A standard anyone can change is not a standard.
